{
    "w1": {
        "w1_ge": 19736.522800415492,
        "w1_is": 8060.697995048095,
        "w1_vet": 26711.627508464735,
        "w1_net": 2281.9361920892447
    },
    "w2": {
        "w2_ge": 20369.315834258367,
        "w2_is": 1814.2273084275535,
        "w2_vet": 33168.331780380286,
        "w2_net": 1438.9095729513606
    },
    "w3": {
        "w3_ge": 19766.215089986646,
        "w3_is": 850.0823351885164,
        "w3_vet": 33544.03378456833,
        "w3_net": 2630.4532862740757
    },
    "lang": {
        "GR": 3646.0,
        "FR": 1335.0,
        "IT": 290.0
    }
}